<?xml version="1.0" encoding="UTF-8"?>
<repository>

<transformations>
<transformation>
  <info>
    <name>001-etlBatchAddData</name>
    <description/>
    <extended_description/>
    <trans_version/>
    <trans_type>Normal</trans_type>
    <trans_status>0</trans_status>
    <directory>&#x2f;2019</directory>
    <parameters>
    </parameters>
    <log>
<trans-log-table><connection/>
<schema/>
<table/>
<size_limit_lines/>
<interval/>
<timeout_days/>
<field><id>ID_BATCH</id><enabled>Y</enabled><name>ID_BATCH</name></field><field><id>CHANNEL_ID</id><enabled>Y</enabled><name>CHANNEL_ID</name></field><field><id>TRANSNAME</id><enabled>Y</enabled><name>TRANSNAME</name></field><field><id>STATUS</id><enabled>Y</enabled><name>STATUS</name></field><field><id>LINES_READ</id><enabled>Y</enabled><name>LINES_READ</name><subject/></field><field><id>LINES_WRITTEN</id><enabled>Y</enabled><name>LINES_WRITTEN</name><subject/></field><field><id>LINES_UPDATED</id><enabled>Y</enabled><name>LINES_UPDATED</name><subject/></field><field><id>LINES_INPUT</id><enabled>Y</enabled><name>LINES_INPUT</name><subject/></field><field><id>LINES_OUTPUT</id><enabled>Y</enabled><name>LINES_OUTPUT</name><subject/></field><field><id>LINES_REJECTED</id><enabled>Y</enabled><name>LINES_REJECTED</name><subject/></field><field><id>ERRORS</id><enabled>Y</enabled><name>ERRORS</name></field><field><id>STARTDATE</id><enabled>Y</enabled><name>STARTDATE</name></field><field><id>ENDDATE</id><enabled>Y</enabled><name>ENDDATE</name></field><field><id>LOGDATE</id><enabled>Y</enabled><name>LOGDATE</name></field><field><id>DEPDATE</id><enabled>Y</enabled><name>DEPDATE</name></field><field><id>REPLAYDATE</id><enabled>Y</enabled><name>REPLAYDATE</name></field><field><id>LOG_FIELD</id><enabled>Y</enabled><name>LOG_FIELD</name></field><field><id>EXECUTING_SERVER</id><enabled>N</enabled><name>EXECUTING_SERVER</name></field><field><id>EXECUTING_USER</id><enabled>N</enabled><name>EXECUTING_USER</name></field><field><id>CLIENT</id><enabled>N</enabled><name>CLIENT</name></field></trans-log-table>
<perf-log-table><connection/>
<schema/>
<table/>
<interval/>
<timeout_days/>
<field><id>ID_BATCH</id><enabled>Y</enabled><name>ID_BATCH</name></field><field><id>SEQ_NR</id><enabled>Y</enabled><name>SEQ_NR</name></field><field><id>LOGDATE</id><enabled>Y</enabled><name>LOGDATE</name></field><field><id>TRANSNAME</id><enabled>Y</enabled><name>TRANSNAME</name></field><field><id>STEPNAME</id><enabled>Y</enabled><name>STEPNAME</name></field><field><id>STEP_COPY</id><enabled>Y</enabled><name>STEP_COPY</name></field><field><id>LINES_READ</id><enabled>Y</enabled><name>LINES_READ</name></field><field><id>LINES_WRITTEN</id><enabled>Y</enabled><name>LINES_WRITTEN</name></field><field><id>LINES_UPDATED</id><enabled>Y</enabled><name>LINES_UPDATED</name></field><field><id>LINES_INPUT</id><enabled>Y</enabled><name>LINES_INPUT</name></field><field><id>LINES_OUTPUT</id><enabled>Y</enabled><name>LINES_OUTPUT</name></field><field><id>LINES_REJECTED</id><enabled>Y</enabled><name>LINES_REJECTED</name></field><field><id>ERRORS</id><enabled>Y</enabled><name>ERRORS</name></field><field><id>INPUT_BUFFER_ROWS</id><enabled>Y</enabled><name>INPUT_BUFFER_ROWS</name></field><field><id>OUTPUT_BUFFER_ROWS</id><enabled>Y</enabled><name>OUTPUT_BUFFER_ROWS</name></field></perf-log-table>
<channel-log-table><connection/>
<schema/>
<table/>
<timeout_days/>
<field><id>ID_BATCH</id><enabled>Y</enabled><name>ID_BATCH</name></field><field><id>CHANNEL_ID</id><enabled>Y</enabled><name>CHANNEL_ID</name></field><field><id>LOG_DATE</id><enabled>Y</enabled><name>LOG_DATE</name></field><field><id>LOGGING_OBJECT_TYPE</id><enabled>Y</enabled><name>LOGGING_OBJECT_TYPE</name></field><field><id>OBJECT_NAME</id><enabled>Y</enabled><name>OBJECT_NAME</name></field><field><id>OBJECT_COPY</id><enabled>Y</enabled><name>OBJECT_COPY</name></field><field><id>REPOSITORY_DIRECTORY</id><enabled>Y</enabled><name>REPOSITORY_DIRECTORY</name></field><field><id>FILENAME</id><enabled>Y</enabled><name>FILENAME</name></field><field><id>OBJECT_ID</id><enabled>Y</enabled><name>OBJECT_ID</name></field><field><id>OBJECT_REVISION</id><enabled>Y</enabled><name>OBJECT_REVISION</name></field><field><id>PARENT_CHANNEL_ID</id><enabled>Y</enabled><name>PARENT_CHANNEL_ID</name></field><field><id>ROOT_CHANNEL_ID</id><enabled>Y</enabled><name>ROOT_CHANNEL_ID</name></field></channel-log-table>
<step-log-table><connection/>
<schema/>
<table/>
<timeout_days/>
<field><id>ID_BATCH</id><enabled>Y</enabled><name>ID_BATCH</name></field><field><id>CHANNEL_ID</id><enabled>Y</enabled><name>CHANNEL_ID</name></field><field><id>LOG_DATE</id><enabled>Y</enabled><name>LOG_DATE</name></field><field><id>TRANSNAME</id><enabled>Y</enabled><name>TRANSNAME</name></field><field><id>STEPNAME</id><enabled>Y</enabled><name>STEPNAME</name></field><field><id>STEP_COPY</id><enabled>Y</enabled><name>STEP_COPY</name></field><field><id>LINES_READ</id><enabled>Y</enabled><name>LINES_READ</name></field><field><id>LINES_WRITTEN</id><enabled>Y</enabled><name>LINES_WRITTEN</name></field><field><id>LINES_UPDATED</id><enabled>Y</enabled><name>LINES_UPDATED</name></field><field><id>LINES_INPUT</id><enabled>Y</enabled><name>LINES_INPUT</name></field><field><id>LINES_OUTPUT</id><enabled>Y</enabled><name>LINES_OUTPUT</name></field><field><id>LINES_REJECTED</id><enabled>Y</enabled><name>LINES_REJECTED</name></field><field><id>ERRORS</id><enabled>Y</enabled><name>ERRORS</name></field><field><id>LOG_FIELD</id><enabled>N</enabled><name>LOG_FIELD</name></field></step-log-table>
<metrics-log-table><connection/>
<schema/>
<table/>
<timeout_days/>
<field><id>ID_BATCH</id><enabled>Y</enabled><name>ID_BATCH</name></field><field><id>CHANNEL_ID</id><enabled>Y</enabled><name>CHANNEL_ID</name></field><field><id>LOG_DATE</id><enabled>Y</enabled><name>LOG_DATE</name></field><field><id>METRICS_DATE</id><enabled>Y</enabled><name>METRICS_DATE</name></field><field><id>METRICS_CODE</id><enabled>Y</enabled><name>METRICS_CODE</name></field><field><id>METRICS_DESCRIPTION</id><enabled>Y</enabled><name>METRICS_DESCRIPTION</name></field><field><id>METRICS_SUBJECT</id><enabled>Y</enabled><name>METRICS_SUBJECT</name></field><field><id>METRICS_TYPE</id><enabled>Y</enabled><name>METRICS_TYPE</name></field><field><id>METRICS_VALUE</id><enabled>Y</enabled><name>METRICS_VALUE</name></field></metrics-log-table>
    </log>
    <maxdate>
      <connection/>
      <table/>
      <field/>
      <offset>0.0</offset>
      <maxdiff>0.0</maxdiff>
    </maxdate>
    <size_rowset>10000</size_rowset>
    <sleep_time_empty>50</sleep_time_empty>
    <sleep_time_full>50</sleep_time_full>
    <unique_connections>N</unique_connections>
    <feedback_shown>Y</feedback_shown>
    <feedback_size>50000</feedback_size>
    <using_thread_priorities>Y</using_thread_priorities>
    <shared_objects_file/>
    <capture_step_performance>N</capture_step_performance>
    <step_performance_capturing_delay>1000</step_performance_capturing_delay>
    <step_performance_capturing_size_limit>100</step_performance_capturing_size_limit>
    <dependencies>
    </dependencies>
    <partitionschemas>
    </partitionschemas>
    <slaveservers>
    </slaveservers>
    <clusterschemas>
    </clusterschemas>
  <created_user>-</created_user>
  <created_date>2018&#x2f;06&#x2f;29 10&#x3a;55&#x3a;18.789</created_date>
  <modified_user>-</modified_user>
  <modified_date>2019&#x2f;01&#x2f;25 15&#x3a;12&#x3a;42.323</modified_date>
    <key_for_session_key>H4sIAAAAAAAAAAMAAAAAAAAAAAA&#x3d;</key_for_session_key>
    <is_key_private>N</is_key_private>
  </info>
  <notepads>
  </notepads>
  <connection>
    <name>mysql_kettle</name>
    <server>127.0.0.1</server>
    <type>MYSQL</type>
    <access>Native</access>
    <database>bms</database>
    <port>3306</port>
    <username>root</username>
    <password>Encrypted 2be98afc86aa7f2e4cb79ce10cc9da0ce</password>
    <servername/>
    <data_tablespace/>
    <index_tablespace/>
    <attributes>
      <attribute><code>EXTRA_OPTION_MYSQL.characterEncoding</code><attribute>UTF-8</attribute></attribute>
      <attribute><code>EXTRA_OPTION_MYSQL.defaultFetchSize</code><attribute>500</attribute></attribute>
      <attribute><code>EXTRA_OPTION_MYSQL.useCursorFetch</code><attribute>true</attribute></attribute>
      <attribute><code>FORCE_IDENTIFIERS_TO_LOWERCASE</code><attribute>N</attribute></attribute>
      <attribute><code>FORCE_IDENTIFIERS_TO_UPPERCASE</code><attribute>N</attribute></attribute>
      <attribute><code>IS_CLUSTERED</code><attribute>N</attribute></attribute>
      <attribute><code>PORT_NUMBER</code><attribute>3306</attribute></attribute>
      <attribute><code>PRESERVE_RESERVED_WORD_CASE</code><attribute>Y</attribute></attribute>
      <attribute><code>QUOTE_ALL_FIELDS</code><attribute>N</attribute></attribute>
      <attribute><code>STREAM_RESULTS</code><attribute>Y</attribute></attribute>
      <attribute><code>SUPPORTS_BOOLEAN_DATA_TYPE</code><attribute>Y</attribute></attribute>
      <attribute><code>SUPPORTS_TIMESTAMP_DATA_TYPE</code><attribute>Y</attribute></attribute>
      <attribute><code>USE_POOLING</code><attribute>N</attribute></attribute>
    </attributes>
  </connection>
  <order>
  <hop> <from>getBatchDate</from><to>setOneBatchDate</to><enabled>Y</enabled> </hop>
  <hop> <from>setOneBatchDate</from><to>trueExec</to><enabled>Y</enabled> </hop>
  <hop> <from>getBatchDate</from><to>Secret key generator</to><enabled>Y</enabled> </hop>
  <hop> <from>Secret key generator</from><to>Symmetric Cryptography</to><enabled>Y</enabled> </hop>
  <hop> <from>Symmetric Cryptography</from><to>Symmetric Cryptography 2</to><enabled>Y</enabled> </hop>
  </order>
  <step>
    <name>Secret key generator</name>
    <type>SecretKeyGenerator</type>
    <description/>
    <distribute>Y</distribute>
    <custom_distribution/>
    <copies>1</copies>
         <partitioning>
           <method>none</method>
           <schema_name/>
           </partitioning>
    <fields>
      <field>
        <algorithm>DES</algorithm>
        <scheme>DES</scheme>
        <secretKeyLen>56</secretKeyLen>
        <secretKeyCount>1</secretKeyCount>
      </field>
    </fields>
    <secretKeyFieldName>Secret key</secretKeyFieldName>
    <secretKeyLengthFieldName>Secret key length</secretKeyLengthFieldName>
    <algorithmFieldName>Algorithm</algorithmFieldName>
    <algorithmFieldName>Algorithm</algorithmFieldName>
    <outputKeyInBinary>N</outputKeyInBinary>
     <cluster_schema/>
 <remotesteps>   <input>   </input>   <output>   </output> </remotesteps>    <GUI>
      <xloc>304</xloc>
      <yloc>240</yloc>
      <draw>Y</draw>
      </GUI>
    </step>

  <step>
    <name>Symmetric Cryptography</name>
    <type>SymmetricCryptoTrans</type>
    <description/>
    <distribute>Y</distribute>
    <custom_distribution/>
    <copies>1</copies>
         <partitioning>
           <method>none</method>
           <schema_name/>
           </partitioning>
    <operation_type>encrypt</operation_type>
    <algorithm>DES</algorithm>
    <schema>DES</schema>
    <secretKeyField>Secret key</secretKeyField>
    <messageField>startTime</messageField>
    <resultfieldname>result</resultfieldname>
    <secretKey>Encrypted </secretKey>
    <secretKeyInField>Y</secretKeyInField>
    <readKeyAsBinary>N</readKeyAsBinary>
    <outputResultAsBinary>N</outputResultAsBinary>
     <cluster_schema/>
 <remotesteps>   <input>   </input>   <output>   </output> </remotesteps>    <GUI>
      <xloc>496</xloc>
      <yloc>240</yloc>
      <draw>Y</draw>
      </GUI>
    </step>

  <step>
    <name>Symmetric Cryptography 2</name>
    <type>SymmetricCryptoTrans</type>
    <description/>
    <distribute>Y</distribute>
    <custom_distribution/>
    <copies>1</copies>
         <partitioning>
           <method>none</method>
           <schema_name/>
           </partitioning>
    <operation_type>decrypt</operation_type>
    <algorithm>DES</algorithm>
    <schema>DES</schema>
    <secretKeyField>Secret key</secretKeyField>
    <messageField>result</messageField>
    <resultfieldname>resultOK</resultfieldname>
    <secretKey>Encrypted </secretKey>
    <secretKeyInField>Y</secretKeyInField>
    <readKeyAsBinary>N</readKeyAsBinary>
    <outputResultAsBinary>N</outputResultAsBinary>
     <cluster_schema/>
 <remotesteps>   <input>   </input>   <output>   </output> </remotesteps>    <GUI>
      <xloc>672</xloc>
      <yloc>240</yloc>
      <draw>Y</draw>
      </GUI>
    </step>

  <step>
    <name>getBatchDate</name>
    <type>TableInput</type>
    <description/>
    <distribute>N</distribute>
    <custom_distribution/>
    <copies>1</copies>
         <partitioning>
           <method>none</method>
           <schema_name/>
           </partitioning>
    <connection>mysql_kettle</connection>
    <sql>SELECT&#xd;&#xa;	startTime,&#xd;&#xa;	endTime&#xd;&#xa;FROM&#xd;&#xa;	&#x28;&#xd;&#xa;		SELECT&#xd;&#xa;			&#x27;2018-01-01&#x27; startTime,&#xd;&#xa;			DATE_ADD&#x28;&#xd;&#xa;				DATE_FORMAT&#x28;&#x27;20180101&#x27;, &#x27;&#x25;Y&#x25;m&#x25;d&#x27;&#x29;,&#xd;&#xa;				INTERVAL rownum - 1 DAY&#xd;&#xa;			&#x29; endTime&#xd;&#xa;		FROM&#xd;&#xa;			&#x28;&#xd;&#xa;				SELECT&#xd;&#xa;					&#x40;rownum &#x3a;&#x3d;&#x40;rownum &#x2b; 1 AS rownum&#xd;&#xa;				FROM&#xd;&#xa;					&#x28;SELECT &#x40;rownum &#x3a;&#x3d; 0&#x29; r,&#xd;&#xa;					bis_shop_loginlog&#xd;&#xa;			&#x29; t0&#xd;&#xa;		WHERE&#xd;&#xa;			rownum &#x3c; 200&#xd;&#xa;	&#x29; t1&#xd;&#xa;WHERE&#xd;&#xa;	endTime &#x3c;&#x3d; &#x27;2018-06-28&#x27;&#xd;&#xa;ORDER BY&#xd;&#xa;	endTime&#xd;&#xa;&#xd;&#xa;</sql>
    <limit>0</limit>
    <lookup/>
    <execute_each_row>N</execute_each_row>
    <variables_active>N</variables_active>
    <lazy_conversion_active>Y</lazy_conversion_active>
     <cluster_schema/>
 <remotesteps>   <input>   </input>   <output>   </output> </remotesteps>    <GUI>
      <xloc>112</xloc>
      <yloc>80</yloc>
      <draw>Y</draw>
      </GUI>
    </step>

  <step>
    <name>setOneBatchDate</name>
    <type>TableInput</type>
    <description/>
    <distribute>Y</distribute>
    <custom_distribution/>
    <copies>1</copies>
         <partitioning>
           <method>none</method>
           <schema_name/>
           </partitioning>
    <connection>mysql_kettle</connection>
    <sql>SELECT &#x3f; startdate,&#x3f; enddate  FROM dual</sql>
    <limit>0</limit>
    <lookup>getBatchDate</lookup>
    <execute_each_row>Y</execute_each_row>
    <variables_active>Y</variables_active>
    <lazy_conversion_active>N</lazy_conversion_active>
     <cluster_schema/>
 <remotesteps>   <input>   </input>   <output>   </output> </remotesteps>    <GUI>
      <xloc>224</xloc>
      <yloc>80</yloc>
      <draw>Y</draw>
      </GUI>
    </step>

  <step>
    <name>trueExec</name>
    <type>WriteToLog</type>
    <description/>
    <distribute>Y</distribute>
    <custom_distribution/>
    <copies>1</copies>
         <partitioning>
           <method>none</method>
           <schema_name/>
           </partitioning>
      <loglevel>log_level_basic</loglevel>
      <displayHeader>Y</displayHeader>
      <limitRows>N</limitRows>
      <limitRowsNumber>0</limitRowsNumber>
      <logmessage/>
    <fields>
      <field>
        <name>startdate</name>
        </field>
      <field>
        <name>enddate</name>
        </field>
      </fields>
     <cluster_schema/>
 <remotesteps>   <input>   </input>   <output>   </output> </remotesteps>    <GUI>
      <xloc>336</xloc>
      <yloc>80</yloc>
      <draw>Y</draw>
      </GUI>
    </step>

  <step_error_handling>
  </step_error_handling>
   <slave-step-copy-partition-distribution>
</slave-step-copy-partition-distribution>
   <slave_transformation>N</slave_transformation>

</transformation>

<transformation>
  <info>
    <name>testblob</name>
    <description/>
    <extended_description/>
    <trans_version/>
    <trans_type>Normal</trans_type>
    <trans_status>0</trans_status>
    <directory>&#x2f;2019</directory>
    <parameters>
    </parameters>
    <log>
<trans-log-table><connection/>
<schema/>
<table/>
<size_limit_lines/>
<interval/>
<timeout_days/>
<field><id>ID_BATCH</id><enabled>Y</enabled><name>ID_BATCH</name></field><field><id>CHANNEL_ID</id><enabled>Y</enabled><name>CHANNEL_ID</name></field><field><id>TRANSNAME</id><enabled>Y</enabled><name>TRANSNAME</name></field><field><id>STATUS</id><enabled>Y</enabled><name>STATUS</name></field><field><id>LINES_READ</id><enabled>Y</enabled><name>LINES_READ</name><subject/></field><field><id>LINES_WRITTEN</id><enabled>Y</enabled><name>LINES_WRITTEN</name><subject/></field><field><id>LINES_UPDATED</id><enabled>Y</enabled><name>LINES_UPDATED</name><subject/></field><field><id>LINES_INPUT</id><enabled>Y</enabled><name>LINES_INPUT</name><subject/></field><field><id>LINES_OUTPUT</id><enabled>Y</enabled><name>LINES_OUTPUT</name><subject/></field><field><id>LINES_REJECTED</id><enabled>Y</enabled><name>LINES_REJECTED</name><subject/></field><field><id>ERRORS</id><enabled>Y</enabled><name>ERRORS</name></field><field><id>STARTDATE</id><enabled>Y</enabled><name>STARTDATE</name></field><field><id>ENDDATE</id><enabled>Y</enabled><name>ENDDATE</name></field><field><id>LOGDATE</id><enabled>Y</enabled><name>LOGDATE</name></field><field><id>DEPDATE</id><enabled>Y</enabled><name>DEPDATE</name></field><field><id>REPLAYDATE</id><enabled>Y</enabled><name>REPLAYDATE</name></field><field><id>LOG_FIELD</id><enabled>Y</enabled><name>LOG_FIELD</name></field><field><id>EXECUTING_SERVER</id><enabled>N</enabled><name>EXECUTING_SERVER</name></field><field><id>EXECUTING_USER</id><enabled>N</enabled><name>EXECUTING_USER</name></field><field><id>CLIENT</id><enabled>N</enabled><name>CLIENT</name></field></trans-log-table>
<perf-log-table><connection/>
<schema/>
<table/>
<interval/>
<timeout_days/>
<field><id>ID_BATCH</id><enabled>Y</enabled><name>ID_BATCH</name></field><field><id>SEQ_NR</id><enabled>Y</enabled><name>SEQ_NR</name></field><field><id>LOGDATE</id><enabled>Y</enabled><name>LOGDATE</name></field><field><id>TRANSNAME</id><enabled>Y</enabled><name>TRANSNAME</name></field><field><id>STEPNAME</id><enabled>Y</enabled><name>STEPNAME</name></field><field><id>STEP_COPY</id><enabled>Y</enabled><name>STEP_COPY</name></field><field><id>LINES_READ</id><enabled>Y</enabled><name>LINES_READ</name></field><field><id>LINES_WRITTEN</id><enabled>Y</enabled><name>LINES_WRITTEN</name></field><field><id>LINES_UPDATED</id><enabled>Y</enabled><name>LINES_UPDATED</name></field><field><id>LINES_INPUT</id><enabled>Y</enabled><name>LINES_INPUT</name></field><field><id>LINES_OUTPUT</id><enabled>Y</enabled><name>LINES_OUTPUT</name></field><field><id>LINES_REJECTED</id><enabled>Y</enabled><name>LINES_REJECTED</name></field><field><id>ERRORS</id><enabled>Y</enabled><name>ERRORS</name></field><field><id>INPUT_BUFFER_ROWS</id><enabled>Y</enabled><name>INPUT_BUFFER_ROWS</name></field><field><id>OUTPUT_BUFFER_ROWS</id><enabled>Y</enabled><name>OUTPUT_BUFFER_ROWS</name></field></perf-log-table>
<channel-log-table><connection/>
<schema/>
<table/>
<timeout_days/>
<field><id>ID_BATCH</id><enabled>Y</enabled><name>ID_BATCH</name></field><field><id>CHANNEL_ID</id><enabled>Y</enabled><name>CHANNEL_ID</name></field><field><id>LOG_DATE</id><enabled>Y</enabled><name>LOG_DATE</name></field><field><id>LOGGING_OBJECT_TYPE</id><enabled>Y</enabled><name>LOGGING_OBJECT_TYPE</name></field><field><id>OBJECT_NAME</id><enabled>Y</enabled><name>OBJECT_NAME</name></field><field><id>OBJECT_COPY</id><enabled>Y</enabled><name>OBJECT_COPY</name></field><field><id>REPOSITORY_DIRECTORY</id><enabled>Y</enabled><name>REPOSITORY_DIRECTORY</name></field><field><id>FILENAME</id><enabled>Y</enabled><name>FILENAME</name></field><field><id>OBJECT_ID</id><enabled>Y</enabled><name>OBJECT_ID</name></field><field><id>OBJECT_REVISION</id><enabled>Y</enabled><name>OBJECT_REVISION</name></field><field><id>PARENT_CHANNEL_ID</id><enabled>Y</enabled><name>PARENT_CHANNEL_ID</name></field><field><id>ROOT_CHANNEL_ID</id><enabled>Y</enabled><name>ROOT_CHANNEL_ID</name></field></channel-log-table>
<step-log-table><connection/>
<schema/>
<table/>
<timeout_days/>
<field><id>ID_BATCH</id><enabled>Y</enabled><name>ID_BATCH</name></field><field><id>CHANNEL_ID</id><enabled>Y</enabled><name>CHANNEL_ID</name></field><field><id>LOG_DATE</id><enabled>Y</enabled><name>LOG_DATE</name></field><field><id>TRANSNAME</id><enabled>Y</enabled><name>TRANSNAME</name></field><field><id>STEPNAME</id><enabled>Y</enabled><name>STEPNAME</name></field><field><id>STEP_COPY</id><enabled>Y</enabled><name>STEP_COPY</name></field><field><id>LINES_READ</id><enabled>Y</enabled><name>LINES_READ</name></field><field><id>LINES_WRITTEN</id><enabled>Y</enabled><name>LINES_WRITTEN</name></field><field><id>LINES_UPDATED</id><enabled>Y</enabled><name>LINES_UPDATED</name></field><field><id>LINES_INPUT</id><enabled>Y</enabled><name>LINES_INPUT</name></field><field><id>LINES_OUTPUT</id><enabled>Y</enabled><name>LINES_OUTPUT</name></field><field><id>LINES_REJECTED</id><enabled>Y</enabled><name>LINES_REJECTED</name></field><field><id>ERRORS</id><enabled>Y</enabled><name>ERRORS</name></field><field><id>LOG_FIELD</id><enabled>N</enabled><name>LOG_FIELD</name></field></step-log-table>
<metrics-log-table><connection/>
<schema/>
<table/>
<timeout_days/>
<field><id>ID_BATCH</id><enabled>Y</enabled><name>ID_BATCH</name></field><field><id>CHANNEL_ID</id><enabled>Y</enabled><name>CHANNEL_ID</name></field><field><id>LOG_DATE</id><enabled>Y</enabled><name>LOG_DATE</name></field><field><id>METRICS_DATE</id><enabled>Y</enabled><name>METRICS_DATE</name></field><field><id>METRICS_CODE</id><enabled>Y</enabled><name>METRICS_CODE</name></field><field><id>METRICS_DESCRIPTION</id><enabled>Y</enabled><name>METRICS_DESCRIPTION</name></field><field><id>METRICS_SUBJECT</id><enabled>Y</enabled><name>METRICS_SUBJECT</name></field><field><id>METRICS_TYPE</id><enabled>Y</enabled><name>METRICS_TYPE</name></field><field><id>METRICS_VALUE</id><enabled>Y</enabled><name>METRICS_VALUE</name></field></metrics-log-table>
    </log>
    <maxdate>
      <connection/>
      <table/>
      <field/>
      <offset>0.0</offset>
      <maxdiff>0.0</maxdiff>
    </maxdate>
    <size_rowset>10000</size_rowset>
    <sleep_time_empty>50</sleep_time_empty>
    <sleep_time_full>50</sleep_time_full>
    <unique_connections>N</unique_connections>
    <feedback_shown>Y</feedback_shown>
    <feedback_size>50000</feedback_size>
    <using_thread_priorities>Y</using_thread_priorities>
    <shared_objects_file/>
    <capture_step_performance>N</capture_step_performance>
    <step_performance_capturing_delay>1000</step_performance_capturing_delay>
    <step_performance_capturing_size_limit>100</step_performance_capturing_size_limit>
    <dependencies>
    </dependencies>
    <partitionschemas>
    </partitionschemas>
    <slaveservers>
    </slaveservers>
    <clusterschemas>
    </clusterschemas>
  <created_user>-</created_user>
  <created_date>2018&#x2f;09&#x2f;06 15&#x3a;11&#x3a;11.954</created_date>
  <modified_user>-</modified_user>
  <modified_date>2019&#x2f;01&#x2f;25 15&#x3a;12&#x3a;50.675</modified_date>
    <key_for_session_key>H4sIAAAAAAAAAAMAAAAAAAAAAAA&#x3d;</key_for_session_key>
    <is_key_private>N</is_key_private>
  </info>
  <notepads>
  </notepads>
  <connection>
    <name>oracledb</name>
    <server>192.168.47.100</server>
    <type>ORACLE</type>
    <access>Native</access>
    <database>storedb</database>
    <port>1530</port>
    <username>ggt</username>
    <password>Encrypted 2be98afc86aa7f2e4cb79ce10be95a8ce</password>
    <servername/>
    <data_tablespace/>
    <index_tablespace/>
    <attributes>
      <attribute><code>FORCE_IDENTIFIERS_TO_LOWERCASE</code><attribute>N</attribute></attribute>
      <attribute><code>FORCE_IDENTIFIERS_TO_UPPERCASE</code><attribute>N</attribute></attribute>
      <attribute><code>IS_CLUSTERED</code><attribute>N</attribute></attribute>
      <attribute><code>PORT_NUMBER</code><attribute>1530</attribute></attribute>
      <attribute><code>PRESERVE_RESERVED_WORD_CASE</code><attribute>Y</attribute></attribute>
      <attribute><code>QUOTE_ALL_FIELDS</code><attribute>N</attribute></attribute>
      <attribute><code>SUPPORTS_BOOLEAN_DATA_TYPE</code><attribute>Y</attribute></attribute>
      <attribute><code>SUPPORTS_TIMESTAMP_DATA_TYPE</code><attribute>Y</attribute></attribute>
      <attribute><code>USE_POOLING</code><attribute>N</attribute></attribute>
    </attributes>
  </connection>
  <connection>
    <name>testblob</name>
    <server>127.0.0.1</server>
    <type>MYSQL</type>
    <access>Native</access>
    <database>db1</database>
    <port>3306</port>
    <username>root</username>
    <password>Encrypted 2be98afc86aa7f2e4cb79ce10cc9da0ce</password>
    <servername/>
    <data_tablespace/>
    <index_tablespace/>
    <attributes>
      <attribute><code>EXTRA_OPTION_MYSQL.defaultFetchSize</code><attribute>500</attribute></attribute>
      <attribute><code>EXTRA_OPTION_MYSQL.useCursorFetch</code><attribute>true</attribute></attribute>
      <attribute><code>FORCE_IDENTIFIERS_TO_LOWERCASE</code><attribute>N</attribute></attribute>
      <attribute><code>FORCE_IDENTIFIERS_TO_UPPERCASE</code><attribute>N</attribute></attribute>
      <attribute><code>IS_CLUSTERED</code><attribute>N</attribute></attribute>
      <attribute><code>PORT_NUMBER</code><attribute>3306</attribute></attribute>
      <attribute><code>PRESERVE_RESERVED_WORD_CASE</code><attribute>Y</attribute></attribute>
      <attribute><code>QUOTE_ALL_FIELDS</code><attribute>N</attribute></attribute>
      <attribute><code>STREAM_RESULTS</code><attribute>Y</attribute></attribute>
      <attribute><code>SUPPORTS_BOOLEAN_DATA_TYPE</code><attribute>Y</attribute></attribute>
      <attribute><code>SUPPORTS_TIMESTAMP_DATA_TYPE</code><attribute>Y</attribute></attribute>
      <attribute><code>USE_POOLING</code><attribute>N</attribute></attribute>
    </attributes>
  </connection>
  <order>
  <hop> <from>&#x83b7;&#x53d6;&#x6587;&#x4ef6;&#x540d;</from><to>JavaScript&#x4ee3;&#x7801;</to><enabled>Y</enabled> </hop>
  <hop> <from>JavaScript&#x4ee3;&#x7801;</from><to>&#x8868;&#x8f93;&#x51fa;</to><enabled>Y</enabled> </hop>
  <hop> <from>&#x8868;&#x8f93;&#x5165;</from><to>Java &#x4ee3;&#x7801;</to><enabled>N</enabled> </hop>
  <hop> <from>&#x8868;&#x8f93;&#x5165; 2</from><to>&#x5b57;&#x6bb5;&#x9009;&#x62e9;</to><enabled>Y</enabled> </hop>
  <hop> <from>&#x5b57;&#x6bb5;&#x9009;&#x62e9;</from><to>&#x8868;&#x8f93;&#x51fa; 2</to><enabled>Y</enabled> </hop>
  </order>
  <step>
    <name>Java &#x4ee3;&#x7801;</name>
    <type>UserDefinedJavaClass</type>
    <description/>
    <distribute>Y</distribute>
    <custom_distribution/>
    <copies>1</copies>
         <partitioning>
           <method>none</method>
           <schema_name/>
           </partitioning>

    <definitions>
        <definition>
        <class_type>TRANSFORM_CLASS</class_type>

        <class_name>Processor</class_name>

        <class_source><![CDATA[public boolean processRow(StepMetaInterface smi, StepDataInterface sdi) throws KettleException {
  if (first) {
    first = false;

    /* TODO: Your code here. (Using info fields)

    FieldHelper infoField = get(Fields.Info, "info_field_name");

    RowSet infoStream = findInfoRowSet("info_stream_tag");

    Object[] infoRow = null;

    int infoRowCount = 0;

    // Read all rows from info step before calling getRow() method, which returns first row from any
    // input rowset. As rowMeta for info and input steps varies getRow() can lead to errors.
    while((infoRow = getRowFrom(infoStream)) != null){

      // do something with info data
      infoRowCount++;
    }
    */
  }

  Object[] r = getRow();

  if (r == null) {
    setOutputDone();
    return false;
  }

  // It is always safest to call createOutputRow() to ensure that your output row's Object[] is large
  // enough to handle any new fields you are creating in this step.
  r = createOutputRow(r, data.outputRowMeta.size());


 String gif = get(Fields.Out, "gif").getString(r);

 get(Fields.Out, "gif").setValue(r, hexToByte(gif));

  // Send the row on to the next step.
  putRow(data.outputRowMeta, r);

  return true;
}

public static byte[] hexToByte(String str) {
	    byte[] bytes = new byte[str.length() / 2];
	    for(int i = 0; i < str.length() / 2; i++) {
	        String subStr = str.substring(i * 2, i * 2 + 2);
	        bytes[i] = (byte) Integer.parseInt(subStr, 16);
	    }
	    return bytes;
	}
]]></class_source>
        </definition>
    </definitions>
    <fields>
    </fields><clear_result_fields>N</clear_result_fields>
<info_steps></info_steps><target_steps></target_steps><usage_parameters></usage_parameters>     <cluster_schema/>
 <remotesteps>   <input>   </input>   <output>   </output> </remotesteps>    <GUI>
      <xloc>416</xloc>
      <yloc>112</yloc>
      <draw>Y</draw>
      </GUI>
    </step>

  <step>
    <name>JavaScript&#x4ee3;&#x7801;</name>
    <type>ScriptValueMod</type>
    <description/>
    <distribute>Y</distribute>
    <custom_distribution/>
    <copies>1</copies>
         <partitioning>
           <method>none</method>
           <schema_name/>
           </partitioning>
    <compatible>N</compatible>
    <optimizationLevel>9</optimizationLevel>
    <jsScripts>      <jsScript>        <jsScript_type>0</jsScript_type>
        <jsScript_name>Script 1</jsScript_name>
        <jsScript_script>&#x2f;&#x2f;Script here&#xd;&#xa;&#xd;&#xa;file &#x3d; new Packages.java.io.File&#x28;filename&#x29;&#x3b; &#xd;&#xa;fileInputStream &#x3d; new Packages.java.io.FileInputStream&#x28;file&#x29;&#x3b;&#xd;&#xa;var content &#x3d; Packages.org.pentaho.di.core.Const.createByteArray&#x28;file.length&#x28;&#x29;&#x29;&#x3b;&#xd;&#xa;fileInputStream.read&#x28;content, 0, file.length&#x28;&#x29;&#x29;&#x3b;&#xd;&#xa;fileInputStream.close&#x28;&#x29;&#x3b;</jsScript_script>
      </jsScript>    </jsScripts>    <fields>      <field>        <name>content</name>
        <rename>content</rename>
        <type>Binary</type>
        <length>-1</length>
        <precision>-1</precision>
        <replace>N</replace>
      </field>    </fields>     <cluster_schema/>
 <remotesteps>   <input>   </input>   <output>   </output> </remotesteps>    <GUI>
      <xloc>480</xloc>
      <yloc>256</yloc>
      <draw>Y</draw>
      </GUI>
    </step>

  <step>
    <name>&#x5b57;&#x6bb5;&#x9009;&#x62e9;</name>
    <type>SelectValues</type>
    <description/>
    <distribute>Y</distribute>
    <custom_distribution/>
    <copies>1</copies>
         <partitioning>
           <method>none</method>
           <schema_name/>
           </partitioning>
    <fields>        <select_unspecified>N</select_unspecified>
      <meta>        <name>bit</name>
        <rename>bit</rename>
        <type>Number</type>
        <length>-2</length>
        <precision>-2</precision>
        <conversion_mask/>
        <date_format_lenient>false</date_format_lenient>
        <date_format_locale/>
        <date_format_timezone/>
        <lenient_string_to_number>false</lenient_string_to_number>
        <encoding/>
        <decimal_symbol/>
        <grouping_symbol/>
        <currency_symbol/>
        <storage_type/>
      </meta>    </fields>     <cluster_schema/>
 <remotesteps>   <input>   </input>   <output>   </output> </remotesteps>    <GUI>
      <xloc>464</xloc>
      <yloc>432</yloc>
      <draw>Y</draw>
      </GUI>
    </step>

  <step>
    <name>&#x83b7;&#x53d6;&#x6587;&#x4ef6;&#x540d;</name>
    <type>GetFileNames</type>
    <description/>
    <distribute>N</distribute>
    <custom_distribution/>
    <copies>1</copies>
         <partitioning>
           <method>none</method>
           <schema_name/>
           </partitioning>
    <filter>
      <filterfiletype>all_files</filterfiletype>
    </filter>
    <doNotFailIfNoFile>N</doNotFailIfNoFile>
    <rownum>N</rownum>
    <isaddresult>Y</isaddresult>
    <filefield>N</filefield>
    <rownum_field/>
    <filename_Field/>
    <wildcard_Field/>
    <exclude_wildcard_Field/>
    <dynamic_include_subfolders>N</dynamic_include_subfolders>
    <limit>0</limit>
    <file>
      <name>d&#x3a;&#x5c;minjie.qu&#x5c;&#x684c;&#x9762;&#x5c;test&#x5c;fei-old&#x5c;img&#x5c;body&#x5c;blue.jpg</name>
      <filemask/>
      <exclude_filemask/>
      <file_required>N</file_required>
      <include_subfolders>N</include_subfolders>
    </file>
     <cluster_schema/>
 <remotesteps>   <input>   </input>   <output>   </output> </remotesteps>    <GUI>
      <xloc>272</xloc>
      <yloc>256</yloc>
      <draw>Y</draw>
      </GUI>
    </step>

  <step>
    <name>&#x8868;&#x8f93;&#x5165;</name>
    <type>TableInput</type>
    <description/>
    <distribute>Y</distribute>
    <custom_distribution/>
    <copies>1</copies>
         <partitioning>
           <method>none</method>
           <schema_name/>
           </partitioning>
    <connection>testblob</connection>
    <sql>SELECT id,gif FROM test_jpg where gif is not null</sql>
    <limit>0</limit>
    <lookup/>
    <execute_each_row>N</execute_each_row>
    <variables_active>N</variables_active>
    <lazy_conversion_active>N</lazy_conversion_active>
     <cluster_schema/>
 <remotesteps>   <input>   </input>   <output>   </output> </remotesteps>    <GUI>
      <xloc>288</xloc>
      <yloc>112</yloc>
      <draw>Y</draw>
      </GUI>
    </step>

  <step>
    <name>&#x8868;&#x8f93;&#x5165; 2</name>
    <type>TableInput</type>
    <description/>
    <distribute>Y</distribute>
    <custom_distribution/>
    <copies>1</copies>
         <partitioning>
           <method>none</method>
           <schema_name/>
           </partitioning>
    <connection>testblob</connection>
    <sql>SELECT&#xd;&#xa;  id&#xd;&#xa;, CAST&#x28;gif AS CHAR&#x28;10000&#x29;&#x29; gif&#xd;&#xa;, bit&#xd;&#xa;FROM test_jpg&#xd;&#xa;</sql>
    <limit>0</limit>
    <lookup/>
    <execute_each_row>N</execute_each_row>
    <variables_active>N</variables_active>
    <lazy_conversion_active>N</lazy_conversion_active>
     <cluster_schema/>
 <remotesteps>   <input>   </input>   <output>   </output> </remotesteps>    <GUI>
      <xloc>336</xloc>
      <yloc>432</yloc>
      <draw>Y</draw>
      </GUI>
    </step>

  <step>
    <name>&#x8868;&#x8f93;&#x51fa;</name>
    <type>TableOutput</type>
    <description/>
    <distribute>Y</distribute>
    <custom_distribution/>
    <copies>1</copies>
         <partitioning>
           <method>none</method>
           <schema_name/>
           </partitioning>
    <connection>testblob</connection>
    <schema/>
    <table>test_jpg</table>
    <commit>1000</commit>
    <truncate>N</truncate>
    <ignore_errors>N</ignore_errors>
    <use_batch>Y</use_batch>
    <specify_fields>Y</specify_fields>
    <partitioning_enabled>N</partitioning_enabled>
    <partitioning_field/>
    <partitioning_daily>N</partitioning_daily>
    <partitioning_monthly>Y</partitioning_monthly>
    <tablename_in_field>N</tablename_in_field>
    <tablename_field/>
    <tablename_in_table>Y</tablename_in_table>
    <return_keys>N</return_keys>
    <return_field/>
    <fields>
        <field>
          <column_name>gif</column_name>
          <stream_name>content</stream_name>
        </field>
    </fields>
     <cluster_schema/>
 <remotesteps>   <input>   </input>   <output>   </output> </remotesteps>    <GUI>
      <xloc>640</xloc>
      <yloc>256</yloc>
      <draw>Y</draw>
      </GUI>
    </step>

  <step>
    <name>&#x8868;&#x8f93;&#x51fa; 2</name>
    <type>TableOutput</type>
    <description/>
    <distribute>Y</distribute>
    <custom_distribution/>
    <copies>1</copies>
         <partitioning>
           <method>none</method>
           <schema_name/>
           </partitioning>
    <connection>oracledb</connection>
    <schema>ggt</schema>
    <table>test_jpg</table>
    <commit>1000</commit>
    <truncate>N</truncate>
    <ignore_errors>N</ignore_errors>
    <use_batch>Y</use_batch>
    <specify_fields>Y</specify_fields>
    <partitioning_enabled>N</partitioning_enabled>
    <partitioning_field/>
    <partitioning_daily>N</partitioning_daily>
    <partitioning_monthly>Y</partitioning_monthly>
    <tablename_in_field>N</tablename_in_field>
    <tablename_field/>
    <tablename_in_table>Y</tablename_in_table>
    <return_keys>N</return_keys>
    <return_field/>
    <fields>
        <field>
          <column_name>id</column_name>
          <stream_name>id</stream_name>
        </field>
        <field>
          <column_name>bit</column_name>
          <stream_name>bit</stream_name>
        </field>
    </fields>
     <cluster_schema/>
 <remotesteps>   <input>   </input>   <output>   </output> </remotesteps>    <GUI>
      <xloc>688</xloc>
      <yloc>400</yloc>
      <draw>Y</draw>
      </GUI>
    </step>

  <step_error_handling>
  </step_error_handling>
   <slave-step-copy-partition-distribution>
</slave-step-copy-partition-distribution>
   <slave_transformation>N</slave_transformation>

</transformation>

</transformations>
<jobs>
<job>
  <name>001-simple-job</name>
    <description/>
    <extended_description/>
    <job_version/>
    <job_status>0</job_status>
  <directory>&#x2f;2019</directory>
  <created_user>-</created_user>
  <created_date>2019&#x2f;01&#x2f;25 11&#x3a;39&#x3a;25.260</created_date>
  <modified_user>-</modified_user>
  <modified_date>2019&#x2f;01&#x2f;25 15&#x3a;16&#x3a;49.685</modified_date>
    <parameters>
    </parameters>
    <slaveservers>
    </slaveservers>
<job-log-table><connection/>
<schema/>
<table/>
<size_limit_lines/>
<interval/>
<timeout_days/>
<field><id>ID_JOB</id><enabled>Y</enabled><name>ID_JOB</name></field><field><id>CHANNEL_ID</id><enabled>Y</enabled><name>CHANNEL_ID</name></field><field><id>JOBNAME</id><enabled>Y</enabled><name>JOBNAME</name></field><field><id>STATUS</id><enabled>Y</enabled><name>STATUS</name></field><field><id>LINES_READ</id><enabled>Y</enabled><name>LINES_READ</name></field><field><id>LINES_WRITTEN</id><enabled>Y</enabled><name>LINES_WRITTEN</name></field><field><id>LINES_UPDATED</id><enabled>Y</enabled><name>LINES_UPDATED</name></field><field><id>LINES_INPUT</id><enabled>Y</enabled><name>LINES_INPUT</name></field><field><id>LINES_OUTPUT</id><enabled>Y</enabled><name>LINES_OUTPUT</name></field><field><id>LINES_REJECTED</id><enabled>Y</enabled><name>LINES_REJECTED</name></field><field><id>ERRORS</id><enabled>Y</enabled><name>ERRORS</name></field><field><id>STARTDATE</id><enabled>Y</enabled><name>STARTDATE</name></field><field><id>ENDDATE</id><enabled>Y</enabled><name>ENDDATE</name></field><field><id>LOGDATE</id><enabled>Y</enabled><name>LOGDATE</name></field><field><id>DEPDATE</id><enabled>Y</enabled><name>DEPDATE</name></field><field><id>REPLAYDATE</id><enabled>Y</enabled><name>REPLAYDATE</name></field><field><id>LOG_FIELD</id><enabled>Y</enabled><name>LOG_FIELD</name></field><field><id>EXECUTING_SERVER</id><enabled>N</enabled><name>EXECUTING_SERVER</name></field><field><id>EXECUTING_USER</id><enabled>N</enabled><name>EXECUTING_USER</name></field><field><id>START_JOB_ENTRY</id><enabled>N</enabled><name>START_JOB_ENTRY</name></field><field><id>CLIENT</id><enabled>N</enabled><name>CLIENT</name></field></job-log-table>
<jobentry-log-table><connection/>
<schema/>
<table/>
<timeout_days/>
<field><id>ID_BATCH</id><enabled>Y</enabled><name>ID_BATCH</name></field><field><id>CHANNEL_ID</id><enabled>Y</enabled><name>CHANNEL_ID</name></field><field><id>LOG_DATE</id><enabled>Y</enabled><name>LOG_DATE</name></field><field><id>JOBNAME</id><enabled>Y</enabled><name>TRANSNAME</name></field><field><id>JOBENTRYNAME</id><enabled>Y</enabled><name>STEPNAME</name></field><field><id>LINES_READ</id><enabled>Y</enabled><name>LINES_READ</name></field><field><id>LINES_WRITTEN</id><enabled>Y</enabled><name>LINES_WRITTEN</name></field><field><id>LINES_UPDATED</id><enabled>Y</enabled><name>LINES_UPDATED</name></field><field><id>LINES_INPUT</id><enabled>Y</enabled><name>LINES_INPUT</name></field><field><id>LINES_OUTPUT</id><enabled>Y</enabled><name>LINES_OUTPUT</name></field><field><id>LINES_REJECTED</id><enabled>Y</enabled><name>LINES_REJECTED</name></field><field><id>ERRORS</id><enabled>Y</enabled><name>ERRORS</name></field><field><id>RESULT</id><enabled>Y</enabled><name>RESULT</name></field><field><id>NR_RESULT_ROWS</id><enabled>Y</enabled><name>NR_RESULT_ROWS</name></field><field><id>NR_RESULT_FILES</id><enabled>Y</enabled><name>NR_RESULT_FILES</name></field><field><id>LOG_FIELD</id><enabled>N</enabled><name>LOG_FIELD</name></field><field><id>COPY_NR</id><enabled>N</enabled><name>COPY_NR</name></field></jobentry-log-table>
<channel-log-table><connection/>
<schema/>
<table/>
<timeout_days/>
<field><id>ID_BATCH</id><enabled>Y</enabled><name>ID_BATCH</name></field><field><id>CHANNEL_ID</id><enabled>Y</enabled><name>CHANNEL_ID</name></field><field><id>LOG_DATE</id><enabled>Y</enabled><name>LOG_DATE</name></field><field><id>LOGGING_OBJECT_TYPE</id><enabled>Y</enabled><name>LOGGING_OBJECT_TYPE</name></field><field><id>OBJECT_NAME</id><enabled>Y</enabled><name>OBJECT_NAME</name></field><field><id>OBJECT_COPY</id><enabled>Y</enabled><name>OBJECT_COPY</name></field><field><id>REPOSITORY_DIRECTORY</id><enabled>Y</enabled><name>REPOSITORY_DIRECTORY</name></field><field><id>FILENAME</id><enabled>Y</enabled><name>FILENAME</name></field><field><id>OBJECT_ID</id><enabled>Y</enabled><name>OBJECT_ID</name></field><field><id>OBJECT_REVISION</id><enabled>Y</enabled><name>OBJECT_REVISION</name></field><field><id>PARENT_CHANNEL_ID</id><enabled>Y</enabled><name>PARENT_CHANNEL_ID</name></field><field><id>ROOT_CHANNEL_ID</id><enabled>Y</enabled><name>ROOT_CHANNEL_ID</name></field></channel-log-table>
   <pass_batchid>N</pass_batchid>
   <shared_objects_file/>
  <entries>
    <entry>
      <name>START</name>
      <description/>
      <type>SPECIAL</type>
      <start>Y</start>
      <dummy>N</dummy>
      <repeat>N</repeat>
      <schedulerType>0</schedulerType>
      <intervalSeconds>0</intervalSeconds>
      <intervalMinutes>60</intervalMinutes>
      <hour>12</hour>
      <minutes>0</minutes>
      <weekDay>1</weekDay>
      <DayOfMonth>1</DayOfMonth>
      <parallel>N</parallel>
      <draw>Y</draw>
      <nr>0</nr>
      <xloc>240</xloc>
      <yloc>160</yloc>
      </entry>
    <entry>
      <name>&#x6210;&#x529f;</name>
      <description/>
      <type>SUCCESS</type>
      <parallel>N</parallel>
      <draw>Y</draw>
      <nr>0</nr>
      <xloc>416</xloc>
      <yloc>160</yloc>
      </entry>
  </entries>
  <hops>
    <hop>
      <from>START</from>
      <to>&#x6210;&#x529f;</to>
      <from_nr>0</from_nr>
      <to_nr>0</to_nr>
      <enabled>Y</enabled>
      <evaluation>Y</evaluation>
      <unconditional>Y</unconditional>
    </hop>
  </hops>
  <notepads>
  </notepads>

</job>

<job>
  <name>001-start-job</name>
    <description/>
    <extended_description/>
    <job_version/>
    <job_status>0</job_status>
  <directory>&#x2f;2019</directory>
  <created_user>-</created_user>
  <created_date>2019&#x2f;01&#x2f;25 10&#x3a;32&#x3a;52.421</created_date>
  <modified_user>-</modified_user>
  <modified_date>2019&#x2f;01&#x2f;25 15&#x3a;19&#x3a;41.715</modified_date>
    <parameters>
        <parameter>
            <name>copy_addrList</name>
            <default_value>601767256&#x40;qq.com</default_value>
            <description/>
        </parameter>
        <parameter>
            <name>mail_content</name>
            <default_value>&#x3c;table border&#x3d;&#x22;1&#x22;&#x3e;&#x3c;tr&#x3e;&#x3c;td colspan&#x3d;&#x22;3&#x22; align&#x3d;&#x22;center&#x22;&#x3e;20190116----XXXXXX&#x62a5;&#x8868;&#x3c;&#x2f;td&#x3e;&#x3c;&#x2f;tr&#x3e;&#x3c;tr&#x3e;&#x3c;td&#x3e;1&#x3c;&#x2f;td&#x3e;&#x3c;td&#x3e;2&#x3c;&#x2f;td&#x3e;&#x3c;td&#x3e;3&#x3c;&#x2f;td&#x3e;&#x3c;&#x2f;tr&#x3e;&#x3c;tr&#x3e;&#x3c;td&#x3e;10&#x3c;&#x2f;td&#x3e;&#x3c;td&#x3e;20&#x3c;&#x2f;td&#x3e;&#x3c;td&#x3e;30&#x3c;&#x2f;td&#x3e;&#x3c;&#x2f;tr&#x3e;&#x3c;tr&#x3e;&#x3c;td&#x3e;100&#x3c;&#x2f;td&#x3e;&#x3c;td&#x3e;200&#x3c;&#x2f;td&#x3e;&#x3c;td&#x3e;300&#x3c;&#x2f;td&#x3e;&#x3c;&#x2f;tr&#x3e;&#x3c;tr&#x3e;&#x3c;td&#x3e;1000&#x3c;&#x2f;td&#x3e;&#x3c;td&#x3e;2000&#x3c;&#x2f;td&#x3e;&#x3c;td&#x3e;3000&#x3c;&#x2f;td&#x3e;&#x3c;&#x2f;tr&#x3e;&#x3c;&#x2f;table&#x3e;</default_value>
            <description/>
        </parameter>
        <parameter>
            <name>mail_password</name>
            <default_value/>
            <description/>
        </parameter>
        <parameter>
            <name>mail_smtp_port</name>
            <default_value>465</default_value>
            <description/>
        </parameter>
        <parameter>
            <name>mail_smtp_server</name>
            <default_value>smtp.189.cn</default_value>
            <description/>
        </parameter>
        <parameter>
            <name>mail_subject</name>
            <default_value>test</default_value>
            <description/>
        </parameter>
        <parameter>
            <name>reciver_addrList</name>
            <default_value>601767256&#x40;qq.com 15365033258&#x40;126.com</default_value>
            <description/>
        </parameter>
        <parameter>
            <name>secert_addrList</name>
            <default_value>601767256&#x40;qq.com</default_value>
            <description/>
        </parameter>
        <parameter>
            <name>send_addr</name>
            <default_value>15365033258&#x40;189.cn</default_value>
            <description/>
        </parameter>
    </parameters>
  <connection>
    <name>mysql_kettle</name>
    <server>127.0.0.1</server>
    <type>MYSQL</type>
    <access>Native</access>
    <database>bms</database>
    <port>3306</port>
    <username>root</username>
    <password>Encrypted 2be98afc86aa7f2e4cb79ce10cc9da0ce</password>
    <servername/>
    <data_tablespace/>
    <index_tablespace/>
    <attributes>
      <attribute><code>EXTRA_OPTION_MYSQL.characterEncoding</code><attribute>UTF-8</attribute></attribute>
      <attribute><code>EXTRA_OPTION_MYSQL.defaultFetchSize</code><attribute>500</attribute></attribute>
      <attribute><code>EXTRA_OPTION_MYSQL.useCursorFetch</code><attribute>true</attribute></attribute>
      <attribute><code>FORCE_IDENTIFIERS_TO_LOWERCASE</code><attribute>N</attribute></attribute>
      <attribute><code>FORCE_IDENTIFIERS_TO_UPPERCASE</code><attribute>N</attribute></attribute>
      <attribute><code>IS_CLUSTERED</code><attribute>N</attribute></attribute>
      <attribute><code>PORT_NUMBER</code><attribute>3306</attribute></attribute>
      <attribute><code>PRESERVE_RESERVED_WORD_CASE</code><attribute>Y</attribute></attribute>
      <attribute><code>QUOTE_ALL_FIELDS</code><attribute>N</attribute></attribute>
      <attribute><code>STREAM_RESULTS</code><attribute>Y</attribute></attribute>
      <attribute><code>SUPPORTS_BOOLEAN_DATA_TYPE</code><attribute>Y</attribute></attribute>
      <attribute><code>SUPPORTS_TIMESTAMP_DATA_TYPE</code><attribute>Y</attribute></attribute>
      <attribute><code>USE_POOLING</code><attribute>N</attribute></attribute>
    </attributes>
  </connection>
    <slaveservers>
    </slaveservers>
<job-log-table><connection/>
<schema/>
<table/>
<size_limit_lines/>
<interval/>
<timeout_days/>
<field><id>ID_JOB</id><enabled>Y</enabled><name>ID_JOB</name></field><field><id>CHANNEL_ID</id><enabled>Y</enabled><name>CHANNEL_ID</name></field><field><id>JOBNAME</id><enabled>Y</enabled><name>JOBNAME</name></field><field><id>STATUS</id><enabled>Y</enabled><name>STATUS</name></field><field><id>LINES_READ</id><enabled>Y</enabled><name>LINES_READ</name></field><field><id>LINES_WRITTEN</id><enabled>Y</enabled><name>LINES_WRITTEN</name></field><field><id>LINES_UPDATED</id><enabled>Y</enabled><name>LINES_UPDATED</name></field><field><id>LINES_INPUT</id><enabled>Y</enabled><name>LINES_INPUT</name></field><field><id>LINES_OUTPUT</id><enabled>Y</enabled><name>LINES_OUTPUT</name></field><field><id>LINES_REJECTED</id><enabled>Y</enabled><name>LINES_REJECTED</name></field><field><id>ERRORS</id><enabled>Y</enabled><name>ERRORS</name></field><field><id>STARTDATE</id><enabled>Y</enabled><name>STARTDATE</name></field><field><id>ENDDATE</id><enabled>Y</enabled><name>ENDDATE</name></field><field><id>LOGDATE</id><enabled>Y</enabled><name>LOGDATE</name></field><field><id>DEPDATE</id><enabled>Y</enabled><name>DEPDATE</name></field><field><id>REPLAYDATE</id><enabled>Y</enabled><name>REPLAYDATE</name></field><field><id>LOG_FIELD</id><enabled>Y</enabled><name>LOG_FIELD</name></field><field><id>EXECUTING_SERVER</id><enabled>N</enabled><name>EXECUTING_SERVER</name></field><field><id>EXECUTING_USER</id><enabled>N</enabled><name>EXECUTING_USER</name></field><field><id>START_JOB_ENTRY</id><enabled>N</enabled><name>START_JOB_ENTRY</name></field><field><id>CLIENT</id><enabled>N</enabled><name>CLIENT</name></field></job-log-table>
<jobentry-log-table><connection/>
<schema/>
<table/>
<timeout_days/>
<field><id>ID_BATCH</id><enabled>Y</enabled><name>ID_BATCH</name></field><field><id>CHANNEL_ID</id><enabled>Y</enabled><name>CHANNEL_ID</name></field><field><id>LOG_DATE</id><enabled>Y</enabled><name>LOG_DATE</name></field><field><id>JOBNAME</id><enabled>Y</enabled><name>TRANSNAME</name></field><field><id>JOBENTRYNAME</id><enabled>Y</enabled><name>STEPNAME</name></field><field><id>LINES_READ</id><enabled>Y</enabled><name>LINES_READ</name></field><field><id>LINES_WRITTEN</id><enabled>Y</enabled><name>LINES_WRITTEN</name></field><field><id>LINES_UPDATED</id><enabled>Y</enabled><name>LINES_UPDATED</name></field><field><id>LINES_INPUT</id><enabled>Y</enabled><name>LINES_INPUT</name></field><field><id>LINES_OUTPUT</id><enabled>Y</enabled><name>LINES_OUTPUT</name></field><field><id>LINES_REJECTED</id><enabled>Y</enabled><name>LINES_REJECTED</name></field><field><id>ERRORS</id><enabled>Y</enabled><name>ERRORS</name></field><field><id>RESULT</id><enabled>Y</enabled><name>RESULT</name></field><field><id>NR_RESULT_ROWS</id><enabled>Y</enabled><name>NR_RESULT_ROWS</name></field><field><id>NR_RESULT_FILES</id><enabled>Y</enabled><name>NR_RESULT_FILES</name></field><field><id>LOG_FIELD</id><enabled>N</enabled><name>LOG_FIELD</name></field><field><id>COPY_NR</id><enabled>N</enabled><name>COPY_NR</name></field></jobentry-log-table>
<channel-log-table><connection/>
<schema/>
<table/>
<timeout_days/>
<field><id>ID_BATCH</id><enabled>Y</enabled><name>ID_BATCH</name></field><field><id>CHANNEL_ID</id><enabled>Y</enabled><name>CHANNEL_ID</name></field><field><id>LOG_DATE</id><enabled>Y</enabled><name>LOG_DATE</name></field><field><id>LOGGING_OBJECT_TYPE</id><enabled>Y</enabled><name>LOGGING_OBJECT_TYPE</name></field><field><id>OBJECT_NAME</id><enabled>Y</enabled><name>OBJECT_NAME</name></field><field><id>OBJECT_COPY</id><enabled>Y</enabled><name>OBJECT_COPY</name></field><field><id>REPOSITORY_DIRECTORY</id><enabled>Y</enabled><name>REPOSITORY_DIRECTORY</name></field><field><id>FILENAME</id><enabled>Y</enabled><name>FILENAME</name></field><field><id>OBJECT_ID</id><enabled>Y</enabled><name>OBJECT_ID</name></field><field><id>OBJECT_REVISION</id><enabled>Y</enabled><name>OBJECT_REVISION</name></field><field><id>PARENT_CHANNEL_ID</id><enabled>Y</enabled><name>PARENT_CHANNEL_ID</name></field><field><id>ROOT_CHANNEL_ID</id><enabled>Y</enabled><name>ROOT_CHANNEL_ID</name></field></channel-log-table>
   <pass_batchid>N</pass_batchid>
   <shared_objects_file/>
  <entries>
    <entry>
      <name>START</name>
      <description/>
      <type>SPECIAL</type>
      <start>Y</start>
      <dummy>N</dummy>
      <repeat>N</repeat>
      <schedulerType>0</schedulerType>
      <intervalSeconds>0</intervalSeconds>
      <intervalMinutes>60</intervalMinutes>
      <hour>12</hour>
      <minutes>0</minutes>
      <weekDay>1</weekDay>
      <DayOfMonth>1</DayOfMonth>
      <parallel>N</parallel>
      <draw>Y</draw>
      <nr>0</nr>
      <xloc>96</xloc>
      <yloc>192</yloc>
      </entry>
    <entry>
      <name>&#x8f6c;&#x6362;</name>
      <description/>
      <type>TRANS</type>
      <specification_method>rep_name</specification_method>
      <trans_object_id/>
      <filename/>
      <transname>001-etlBatchAddData</transname>
      <directory>&#x2f;minjie.qu&#x2f;&#x684c;&#x9762;&#x2f;demo&#x2f;demo-20190116&#x2f;2019</directory>
      <arg_from_previous>N</arg_from_previous>
      <params_from_previous>N</params_from_previous>
      <exec_per_row>N</exec_per_row>
      <clear_rows>N</clear_rows>
      <clear_files>N</clear_files>
      <set_logfile>N</set_logfile>
      <logfile/>
      <logext/>
      <add_date>N</add_date>
      <add_time>N</add_time>
      <loglevel>Basic</loglevel>
      <cluster>N</cluster>
      <slave_server_name/>
      <set_append_logfile>N</set_append_logfile>
      <wait_until_finished>Y</wait_until_finished>
      <follow_abort_remote>N</follow_abort_remote>
      <create_parent_folder>N</create_parent_folder>
      <logging_remote_work>N</logging_remote_work>
      <parameters>        <pass_all_parameters>Y</pass_all_parameters>
      </parameters>      <parallel>N</parallel>
      <draw>Y</draw>
      <nr>0</nr>
      <xloc>288</xloc>
      <yloc>192</yloc>
      </entry>
    <entry>
      <name>&#x4f5c;&#x4e1a;</name>
      <description/>
      <type>JOB</type>
      <specification_method>filename</specification_method>
      <job_object_id/>
      <filename>d&#x3a;&#x5c;minjie.qu&#x5c;&#x684c;&#x9762;&#x5c;demo&#x5c;demo-20190116&#x5c;2019&#x5c;001-simple-job.kjb</filename>
      <jobname/>
      <arg_from_previous>N</arg_from_previous>
      <params_from_previous>N</params_from_previous>
      <exec_per_row>N</exec_per_row>
      <set_logfile>N</set_logfile>
      <logfile/>
      <logext/>
      <add_date>N</add_date>
      <add_time>N</add_time>
      <loglevel>Nothing</loglevel>
      <slave_server_name/>
      <wait_until_finished>Y</wait_until_finished>
      <follow_abort_remote>N</follow_abort_remote>
      <expand_remote_job>N</expand_remote_job>
      <create_parent_folder>N</create_parent_folder>
      <pass_export>N</pass_export>
      <parameters>        <pass_all_parameters>Y</pass_all_parameters>
      </parameters>      <set_append_logfile>N</set_append_logfile>
      <parallel>N</parallel>
      <draw>Y</draw>
      <nr>0</nr>
      <xloc>96</xloc>
      <yloc>272</yloc>
      </entry>
    <entry>
      <name>DUMMY</name>
      <description/>
      <type>SPECIAL</type>
      <start>N</start>
      <dummy>Y</dummy>
      <repeat>N</repeat>
      <schedulerType>0</schedulerType>
      <intervalSeconds>0</intervalSeconds>
      <intervalMinutes>60</intervalMinutes>
      <hour>12</hour>
      <minutes>0</minutes>
      <weekDay>1</weekDay>
      <DayOfMonth>1</DayOfMonth>
      <parallel>N</parallel>
      <draw>Y</draw>
      <nr>0</nr>
      <xloc>720</xloc>
      <yloc>144</yloc>
      </entry>
    <entry>
      <name>&#x6210;&#x529f;</name>
      <description/>
      <type>SUCCESS</type>
      <parallel>N</parallel>
      <draw>Y</draw>
      <nr>0</nr>
      <xloc>720</xloc>
      <yloc>224</yloc>
      </entry>
    <entry>
      <name>send fail mail</name>
      <description/>
      <type>MAIL</type>
      <server>&#x24;&#x7b;mail_smtp_server&#x7d;</server>
      <port>&#x24;&#x7b;mail_smtp_port&#x7d;</port>
      <destination>&#x24;&#x7b;reciver_addrList&#x7d;</destination>
      <destinationCc>&#x24;&#x7b;copy_addrList&#x7d;</destinationCc>
      <destinationBCc>&#x24;&#x7b;secert_addrList&#x7d;</destinationBCc>
      <replyto>&#x24;&#x7b;send_addr&#x7d;</replyto>
      <replytoname>Agile.Q</replytoname>
      <subject>&#x24;&#x7b;mail_subject&#x7d;</subject>
      <include_date>Y</include_date>
      <contact_person>Agile.Q</contact_person>
      <contact_phone>601767256</contact_phone>
      <comment>------&#x6d4b;&#x8bd5;&#x90ae;&#x4ef6;------&#xd;&#xa;&#xd;&#xa;------ETL&#x6267;&#x884c;&#x5931;&#x8d25;------&#xd;&#xa;&#xd;&#xa;&#x24;&#x7b;mail_content&#x7d;</comment>
      <include_files>Y</include_files>
      <zip_files>N</zip_files>
      <zip_name/>
      <use_auth>Y</use_auth>
      <use_secure_auth>Y</use_secure_auth>
      <auth_user>&#x24;&#x7b;send_addr&#x7d;</auth_user>
      <auth_password>&#x24;&#x7b;mail_password&#x7d;</auth_password>
      <only_comment>N</only_comment>
      <use_HTML>Y</use_HTML>
      <use_Priority>N</use_Priority>
      <encoding>UTF-8</encoding>
      <priority>normal</priority>
      <importance>normal</importance>
      <sensitivity>normal</sensitivity>
      <secureconnectiontype>SSL</secureconnectiontype>
      <replyToAddresses>&#x24;&#x7b;send_addr&#x7d;</replyToAddresses>
      <filetypes>      </filetypes>      <embeddedimages>
      </embeddedimages>
      <parallel>N</parallel>
      <draw>Y</draw>
      <nr>0</nr>
      <xloc>512</xloc>
      <yloc>144</yloc>
      </entry>
    <entry>
      <name>write fail log</name>
      <description/>
      <type>SQL</type>
      <sql>insert into bms.kettle_etl_job_log &#x28;job_id,job_name,job_status,create_time,update_time,update_staff&#x29; value &#x28;1000001,&#x27;kettle-test1&#x27;,&#x27;0&#x27;,now&#x28;&#x29;,now&#x28;&#x29;,&#x27;test-user&#x27;&#x29;</sql>
      <useVariableSubstitution>F</useVariableSubstitution>
      <sqlfromfile>F</sqlfromfile>
      <sqlfilename/>
      <sendOneStatement>T</sendOneStatement>
      <connection>mysql_kettle</connection>
      <parallel>N</parallel>
      <draw>Y</draw>
      <nr>0</nr>
      <xloc>400</xloc>
      <yloc>144</yloc>
      </entry>
    <entry>
      <name>write success log</name>
      <description/>
      <type>SQL</type>
      <sql>insert into bms.kettle_etl_job_log &#x28;job_id,job_name,job_status,create_time,update_time,update_staff&#x29; value&#x28;1000001,&#x27;kettle-test1&#x27;,&#x27;1&#x27;,now&#x28;&#x29;,now&#x28;&#x29;,&#x27;test-user&#x27;&#x29;</sql>
      <useVariableSubstitution>F</useVariableSubstitution>
      <sqlfromfile>F</sqlfromfile>
      <sqlfilename/>
      <sendOneStatement>T</sendOneStatement>
      <connection>mysql_kettle</connection>
      <parallel>N</parallel>
      <draw>Y</draw>
      <nr>0</nr>
      <xloc>400</xloc>
      <yloc>224</yloc>
      </entry>
    <entry>
      <name>send success mail</name>
      <description/>
      <type>MAIL</type>
      <server>&#x24;&#x7b;mail_smtp_server&#x7d;</server>
      <port>&#x24;&#x7b;mail_smtp_port&#x7d;</port>
      <destination>&#x24;&#x7b;reciver_addrList&#x7d;</destination>
      <destinationCc>&#x24;&#x7b;copy_addrList&#x7d;</destinationCc>
      <destinationBCc>&#x24;&#x7b;secert_addrList&#x7d;</destinationBCc>
      <replyto>&#x24;&#x7b;send_addr&#x7d;</replyto>
      <replytoname>Agile.Q</replytoname>
      <subject>&#x24;&#x7b;mail_subject&#x7d;</subject>
      <include_date>Y</include_date>
      <contact_person>Agile.Q</contact_person>
      <contact_phone>601767256</contact_phone>
      <comment>------&#x6d4b;&#x8bd5;&#x90ae;&#x4ef6;------&#xd;&#xa;&#xd;&#xa;------ETL&#x6267;&#x884c;&#x6210;&#x529f;------&#xd;&#xa;&#xd;&#xa;&#x24;&#x7b;mail_content&#x7d;</comment>
      <include_files>Y</include_files>
      <zip_files>N</zip_files>
      <zip_name/>
      <use_auth>Y</use_auth>
      <use_secure_auth>Y</use_secure_auth>
      <auth_user>&#x24;&#x7b;send_addr&#x7d;</auth_user>
      <auth_password>&#x24;&#x7b;mail_password&#x7d;</auth_password>
      <only_comment>N</only_comment>
      <use_HTML>Y</use_HTML>
      <use_Priority>N</use_Priority>
      <encoding>UTF-8</encoding>
      <priority>normal</priority>
      <importance>normal</importance>
      <sensitivity>normal</sensitivity>
      <secureconnectiontype>SSL</secureconnectiontype>
      <replyToAddresses>&#x24;&#x7b;send_addr&#x7d;</replyToAddresses>
      <filetypes>      </filetypes>      <embeddedimages>
      </embeddedimages>
      <parallel>N</parallel>
      <draw>Y</draw>
      <nr>0</nr>
      <xloc>512</xloc>
      <yloc>224</yloc>
      </entry>
    <entry>
      <name>&#x68c0;&#x67e5;&#x6570;&#x636e;&#x5e93;&#x8fde;&#x63a5;</name>
      <description/>
      <type>CHECK_DB_CONNECTIONS</type>
      <connections>
        <connection>
          <name>mysql_kettle</name>
          <waitfor>0</waitfor>
          <waittime>millisecond</waittime>
        </connection>
      </connections>
      <parallel>N</parallel>
      <draw>Y</draw>
      <nr>0</nr>
      <xloc>192</xloc>
      <yloc>192</yloc>
      </entry>
    <entry>
      <name>DUMMY 2</name>
      <description/>
      <type>SPECIAL</type>
      <start>N</start>
      <dummy>Y</dummy>
      <repeat>N</repeat>
      <schedulerType>0</schedulerType>
      <intervalSeconds>0</intervalSeconds>
      <intervalMinutes>60</intervalMinutes>
      <hour>12</hour>
      <minutes>0</minutes>
      <weekDay>1</weekDay>
      <DayOfMonth>1</DayOfMonth>
      <parallel>N</parallel>
      <draw>Y</draw>
      <nr>0</nr>
      <xloc>192</xloc>
      <yloc>272</yloc>
      </entry>
  </entries>
  <hops>
    <hop>
      <from>START</from>
      <to>&#x4f5c;&#x4e1a;</to>
      <from_nr>0</from_nr>
      <to_nr>0</to_nr>
      <enabled>Y</enabled>
      <evaluation>Y</evaluation>
      <unconditional>Y</unconditional>
    </hop>
    <hop>
      <from>send fail mail</from>
      <to>DUMMY</to>
      <from_nr>0</from_nr>
      <to_nr>0</to_nr>
      <enabled>Y</enabled>
      <evaluation>N</evaluation>
      <unconditional>N</unconditional>
    </hop>
    <hop>
      <from>send fail mail</from>
      <to>&#x6210;&#x529f;</to>
      <from_nr>0</from_nr>
      <to_nr>0</to_nr>
      <enabled>Y</enabled>
      <evaluation>Y</evaluation>
      <unconditional>N</unconditional>
    </hop>
    <hop>
      <from>&#x8f6c;&#x6362;</from>
      <to>write success log</to>
      <from_nr>0</from_nr>
      <to_nr>0</to_nr>
      <enabled>Y</enabled>
      <evaluation>Y</evaluation>
      <unconditional>N</unconditional>
    </hop>
    <hop>
      <from>&#x8f6c;&#x6362;</from>
      <to>write fail log</to>
      <from_nr>0</from_nr>
      <to_nr>0</to_nr>
      <enabled>Y</enabled>
      <evaluation>N</evaluation>
      <unconditional>N</unconditional>
    </hop>
    <hop>
      <from>write fail log</from>
      <to>send fail mail</to>
      <from_nr>0</from_nr>
      <to_nr>0</to_nr>
      <enabled>Y</enabled>
      <evaluation>Y</evaluation>
      <unconditional>N</unconditional>
    </hop>
    <hop>
      <from>write success log</from>
      <to>send success mail</to>
      <from_nr>0</from_nr>
      <to_nr>0</to_nr>
      <enabled>Y</enabled>
      <evaluation>Y</evaluation>
      <unconditional>N</unconditional>
    </hop>
    <hop>
      <from>send success mail</from>
      <to>DUMMY</to>
      <from_nr>0</from_nr>
      <to_nr>0</to_nr>
      <enabled>Y</enabled>
      <evaluation>N</evaluation>
      <unconditional>N</unconditional>
    </hop>
    <hop>
      <from>send success mail</from>
      <to>&#x6210;&#x529f;</to>
      <from_nr>0</from_nr>
      <to_nr>0</to_nr>
      <enabled>Y</enabled>
      <evaluation>Y</evaluation>
      <unconditional>N</unconditional>
    </hop>
    <hop>
      <from>START</from>
      <to>&#x68c0;&#x67e5;&#x6570;&#x636e;&#x5e93;&#x8fde;&#x63a5;</to>
      <from_nr>0</from_nr>
      <to_nr>0</to_nr>
      <enabled>Y</enabled>
      <evaluation>Y</evaluation>
      <unconditional>Y</unconditional>
    </hop>
    <hop>
      <from>&#x68c0;&#x67e5;&#x6570;&#x636e;&#x5e93;&#x8fde;&#x63a5;</from>
      <to>&#x8f6c;&#x6362;</to>
      <from_nr>0</from_nr>
      <to_nr>0</to_nr>
      <enabled>Y</enabled>
      <evaluation>Y</evaluation>
      <unconditional>N</unconditional>
    </hop>
    <hop>
      <from>&#x68c0;&#x67e5;&#x6570;&#x636e;&#x5e93;&#x8fde;&#x63a5;</from>
      <to>DUMMY 2</to>
      <from_nr>0</from_nr>
      <to_nr>0</to_nr>
      <enabled>Y</enabled>
      <evaluation>N</evaluation>
      <unconditional>N</unconditional>
    </hop>
  </hops>
  <notepads>
  </notepads>

</job>

</jobs>
</repository>

